temperature_K,I_max_bits_per_s,I_max_times_T
4,2.612349e+22,1.044940e+23
77,1.357065e+21,1.044940e+23
300,3.483133e+20,1.044940e+23
1000,1.044940e+20,1.044940e+23
